rpcgrab.exe,
rpcsetup.exe
action1_agent.exe
aeroadmin.exe
alitask.exe
alpemix.exe
AMMYY_Admin.exe
anydesk.exe
apc_host.exe
syncrosetup.exe
ateraagent.exe
awesun.exe
auvik.agent.exe
auvik.engine.exe
beamyourscreen-host.exe
beamyourscreen.exe
basupsrvc.exe
basupsrvcupdate.exe
basuptshelper.exe
bomgar-scc.exe
CagService.exe
ctiserv.exe
remoting_me2me_host
remote_host.exe
cloudflared.exe
connectwisecontrol.client.exe
connectwisechat-customer.exe
rviewer.exe
itsmagent.exe
crossloopservice.exe
PCIVIDEO.EXE
supporttool.exe
dntus*.exe
dwrcs.exe
Devolutions.Updater.exe
Setup.RemoteDesktopManager*.exe
Setup.RemoteDesktopManager*.msi
RemoteDesktopManager.exe
RDMAgent.exe
RemoteDesktopManager_x64.exe
RemoteDesktopManager_ARM64.exe
domotz_bash.exe
echoware.dll
echoserver*.exe
ehorus standalone.exe
remoteconsole.exe
accessserver.exe
ericomconnnectconfigurationtool.exe
eratool.exe
era.exe
ezhelp*.exe
ezhelpclientmanager.exe
ezhelpclient.exe
fastmaster.exe
fastclient.exe
fixmeitclient.exe
fleetdeck_agent_svc.exe
gp3.exe
gp4.exe
gp5.exe
getscreen.exe
,gotoassist.exe
g2a*.exe
gotohttp.exe
g2tray.exe
g2svc.exe
g2quick.exe
g2file*.exe
govsrv*.exe
goverrmc.exe
guacd.exe
helpbeam*.exe
helpwire*.exe
intouch.exe
iit.exe
instanthousecall.exe
ihcserver.exe
hsloader.exe
intelliadmin.exe
iadmin.exe
iperiusremote.exe
iperius.exe
RmmService.exe
RHost.exe
RDesktop.exe
ITSMService.exe
ItsmRsp.exe
ITSMAgent.exe
isllightservice.exe
isllight.exe
islalwaysonmonitor.exe
jumpservice.exe
jumpdesktop.exe
jumpclient.exe
agentmon.exe
ltsvcmon.exe
lttray.exe
ltsvc.exe
landeskagentbootstrap.exe
ldinv32.exe,ldsensors.exe
issuser.exe
serverproxyservice.exe
llrcservice.exe
laplinkeverywhere.exe
laplink.exe
laplink.exe
tsircusr.exe
romfusclient.exe
romserver.exe
romviewer.exe
lmiguardiansvc.exe
lmiignition.exe
logmein.exe
logmeinsystray.exe
support-logmeinrescue*.exe
support-logmeinrescue.exe
lmi_rescue.exe
mesh*.exe
mikogo.exe
mikogolauncher.exe
mikogo-service.exe
mikogo-starter.exe
mionet.exe
mionetmanager.exe
myivomanager.exe
myivomgr.exe
Nable.Ecosystem.WindowsAgent.exe
Msp.Ecosystem.Discovery-*.exe
NableSixtyFourBitManager.exe
nhstw32.exe
nldrw32.exe
rmserverconsolemediator.exe
nhostsvc.exe
client32.exe
pcictlui.exe
neturo.exe
ntrntservice.exe
netviewer*.exe
netviewer.exe
ngrok.exe
ninjarmmagent.exe
nomachine*.exe
nxd.exe
nateon*.exe
nateon.exe
nateonmain.exe
ocsinventory.exe
ocsservice.exe
prl_deskctl_agent.exe
prl_deskctl_wizard.exe
prl_pm_service.exe
2XRemoteInstTmp.exe
2XDevRedir.exe
2XInst.exe
awhost32.exe
pcaquickconnect.exe
winaw32.exe
mwcliun.exe
pcnmgr.exe
webexpcnow.exe
pcvisit.exe
pcvisit_client.exe
pcvisit-easysupport.exe
pocketcontroller.exe
pocketcloudservice.exe
wysebrowser.exe
qq.exe
qqpcmgr.exe
konea.exe
quickassist.exe
radmin.exe
tdp2tcp.exe
rdp2tcp.py
rutserv.exe
remobo.exe
rutview.exe
rfusclient.exe
rutserv.exe
rcengmgru.exe
remotesupportplayeru.exe
rxstartsupport.exe
rcmgrsvc.exe
remotepass-access.exe
rpaccess.exe
rpwhostscr.exe
remotepcservice.exe
rpcsuite.exe
remoteview.exe
rv.exe
rvagent.exe
rvagtray.exe
wisshell*.exe
wmc.exe
wmc_deployer.exe
wmcsvc.exe
royalts.exe
rudesktop*.exe
rd.exe
rustdesk.exe
screenconnect*.exe
screenconnect.windowsclient.exe
seetrolcenter.exe
seetrolclient.exe
seetrolmyservice.exe
seetrolremote.exe
seetrolsetting.exe
showmypc*.exe
showmypc.exe
simplehelpcustomer.exe
simpleservice.exe
windowslauncher.exe
remote access.exe
simplegatewayservice.exe
clientmrinit.exe
mgntsvc.exe
routernt.exe
sragent.exe
srmanager.exe
srserver.exe
srservice.exe
supremo.exe
supremohelper.exe
supremoservice.exe
supremosystem.exe
tacticalrmm.exe
teamviewer*.exe
teamviewer_service.exe
teamviewerqs.exe
tv_w32.exe
tv_w64.exe
pstlaunch.exe
ptdskclient.exe
ptdskhost.exe
todesk.exe
pcstarter.exe
turbomeeting.exe
turbomeetingstarter.exe
ultraviewer.exe
ultraviewer_desktop.exe
ultraviewer_service.exe
vncserver.exe
vncserverui.exe
vncviewer.exe
winvnc*.exe
webrdp.exe
weezo.exe
weezohttpd.exe
xeox-agent_x64.exe
zaservice.exe
zohotray.exe
za_connect.exe
